REVIEW;FEELING
Portanto, não há como conectá-lo aqui nos EUA, a menos que eu use um conversor.;0
Bom caso, valor excelente.;1
Ótimo para o maxilar.;1
Ligado ao carregador para conversas com duração superior a 45 minutos. PRINCIPAIS PROBLEMAS !!;0
O microfone é ótimo.;1
Eu tenho que apertar o plugue para alinhar corretamente para obter um volume decente.;0
Se você tiver várias dezenas ou centenas de contatos, imagine a diversão de enviar cada um deles um por um.;0
Se você é proprietário do Razr ... você deve ter isso!;1
Escusado será dizer que desperdicei meu dinheiro.;0
Que desperdício de dinheiro e tempo!.;0
E a qualidade do som é ótima.;1
Ele ficou muito impressionado ao passar da bateria original para a bateria estendida.;1
Se os dois fossem separados por apenas 5 pés ou mais, comecei a notar um excesso de som estático e distorcido do fone de ouvido.;0
Muito boa qualidade;1
"O design é muito estranho, pois o ""clipe"" do ouvido não é muito confortável.";0
Altamente recomendado para quem tem um telefone de dente azul.;1
Aconselho que TODOS NÃO SEJAM ENGANADOS!;0
Por enquanto, tudo bem!.;1
Funciona bem!.;1
Ele se encaixa de uma maneira que faz você pensar quanto tempo esse mecanismo duraria.;0
Entrei no site da Motorola e segui todas as instruções, mas não consegui emparelhá-lo novamente.;0
Comprei isso para usar com o Kindle Fire e adorei!;1
Os comerciais são os mais enganosos.;0
Ainda tenho que rodar esta nova bateria abaixo de duas barras e são três dias sem carregar.;1
Comprei para minha mãe e ela teve um problema com a bateria.;0
Ótima combinação de Pocket PC / telefone.;1
Eu já possuo este telefone há 7 meses e posso dizer que é o melhor celular que já tive.;1
Não achei que as instruções fornecidas fossem úteis para mim.;0
As pessoas não podiam me ouvir falar e eu tive que puxar o fone de ouvido e falar ao telefone.;0
Não tem carga.;0
Este é um pequeno telefone simples de usar, mas a quebra é inaceitável.;0
Este produto é ideal para pessoas como eu, cujas orelhas são muito sensíveis.;1
É inutilizável em um carro em movimento na velocidade da estrada.;0
Ainda tenho mais dois anos neste contrato e odeio este telefone.;0
O carregador de carro e o carregador CA estão incluídos para garantir que você nunca fique sem suco.;1
Você precisa de pelo menos três minutos para acessar sua lista telefônica desde o primeiro momento em que liga o telefone. A vida útil da bateria é curta.;0
Manteve-se muito bem.;1
Desempenho ruim do tempo de conversação.;0
O case é ótimo e funciona bem com o 680.;1
produto inútil.;0
Ele possui uma ótima câmera, com 2MP, e as fotos são agradáveis ??e claras, com ótima qualidade de imagem.;1
Não fiquei impressionado com este produto.;0
Bom fone de ouvido com o preço certo.;1
Eu só ouço lixo para áudio.;0
Excelente fone de ouvido bluetooth.;1
Tem todos os recursos que eu quero;1
Quem em sã consciência vai comprar esta bateria?;0
DEPOIS DE ARGUIR COM A VERIZON EM RELAÇÃO AOS CHAMADAS GOTAS, DEVOLVEMOS OS TELEFONES APÓS DOIS DIAS.;0
Este caso parece bem feito.;1
Decepcionado com a bateria.;0
Não é alto o suficiente e não liga como deveria.;0
boa proteção e não torna o telefone muito volumoso.;1
Na verdade, um teclado utilizável transforma um PDA em uma máquina útil do mundo real, em vez de apenas um gadget elegante.;1
Este telefone é bastante resistente e nunca tive grandes problemas com ele.;1
Eu amo essa coisa!;1
Tudo sobre ele é bom e razoável para o preço, ou seja,;1
MUITO DESAPONTADO.;0
Até coloquei este telefone em um fluxo e ele ficou submerso por 15 segundos e ainda funciona muito bem!;1
Fiquei muito feliz com o 510 e não tive nenhuma reclamação de ninguém sobre a qualidade do som deles.;1
Os botões para ligar e desligar estão ruins.;0
Essencialmente, você pode esquecer o suporte técnico da Microsoft.;0
Eu realmente recomendo essas placas, pois parece muito bom, elegante e legal.;1
Esses fones de ouvido foram um ótimo achado - e acho que talvez sejam a melhor compra que fiz nos últimos anos - a sério.;1
Compre um telefone diferente - mas não este.;0
Você deve segurar o telefone em um ângulo específico para que a outra parte o ouça claramente.;0
A grande desvantagem do MP3 player é que os botões na capa do telefone que permitem pausar e pular as músicas ficam bloqueados após alguns segundos.;0
Uma semana depois, depois que eu o ativei, ele morreu repentinamente.;0
Parece mais confortável do que a maioria dos fones de ouvido, porque eu uso óculos e isso atrapalha às vezes.;1
Ótimo para iPODs também.;1
Este dispositivo é excelente em várias situações: 1.);1
Mic Não funciona.;0
Mesmo na minha BMW série 3, que é bastante silenciosa, tenho problemas para ouvir o que a outra pessoa está dizendo.;0
Ótima escolha!;1
Estação de ancoragem agradável para casa ou trabalho.;1
Este é um telefone bonito.;1
Ame este produto.;1
Não compre para o D807 ... anunciado incorretamente para o D807.;0
Este é um ótimo item.;1
Eu amo este telefone, é muito útil e possui muitos recursos.;1
Eu comprei isso e dentro de 2 dias não estava mais funcionando !!!!!!!!!;0
Eu uso todos os dias e ele se mantém muito bem.;1
Não é uma boa pechincha.;0
Bem embalado, chegou a tempo e funciona como pretendido.;1
A bateria acaba rapidamente.;0
Este item funcionou muito bem, mas quebrou após 6 meses de uso.;0
Os fones de ouvido são fáceis de usar e todo mundo adora.;1
Este telefone funciona muito bem.;1
A construção dos fones de ouvido é ruim.;0
O produto foi excelente e funciona melhor que o da Verizon e Boy, foi mais barato!;1
O telefone carrega super!;1
Para um produto que custa tanto quanto este, espero que funcione muito melhor e com maior facilidade do que isso.;0
Feito muito resistente.;1
Trabalhou muito bem!;1
Os fones de ouvido tocam apenas uma música.;0
Não desperdice seu dinheiro ...;0
Pedirá deles novamente!;1
Se você planeja usar isso em um carro, esqueça.;0
Achei este produto muito grande.;0
O melhor que encontrei até agora ... Tentei outros 2 bluetooths e este possui a melhor qualidade (tanto para mim quanto para o ouvinte), além da facilidade de uso.;1
Estou muito decepcionado com a minha decisão.;0
Integrado perfeitamente com o telefone Motorola RAZR.;1
Cuidado, você pode liberar dinheiro no vaso sanitário.;0
Definitivamente uma pechincha.;1
O preço foi muito bom e com frete grátis e tudo o que foi uma boa compra.;1
Recebi meu supostamente novo motorola 375 e, aparentemente, não havia correspondência entre o telefone e o carregador.;0
Prós: -Boa câmera - fotos muito legais, também tem estilos legais como preto e branco e muito mais.;1
Essa é uma enorme falha de design (a menos que não esteja sendo usada corretamente, o que não acho que seja o caso).;0
Eu amo meu fone de ouvido 350. Meu fone de ouvido bluetooth Jabra350 é ótimo, a recepção é muito boa e a parte da orelha é um ajuste confortável.;1
A câmera, apesar de ter uma impressionante taxa de 1,3 megapixels, produz imagens que ficam bem abaixo das expectativas de uma resolução relativamente alta.;0
Eu comprei isso para o carregador de carro e ele não funciona.;0
A qualidade do som nos dois lados é excelente, eu uso o fone de ouvido para ligar para minha esposa e peço que ela use o fone de ouvido para me ligar!;1
Este telefone é fino e leve e a tela é linda.;1
é um pouco nerd, mas acho que esse é o seu sexo com torradas e balança e exala sexo até o estojo de couro elegante e embebido em bateria.;1
Ótimo produto, transporte rápido !.;1
Absolutamente ótimo.;1
O teclado é um bom compromisso entre um QWERTY completo e o teclado básico do número de telefone celular.;1
Eu tenho esse telefone no final de maio e estou completamente descontente com ele.;0
É muito confortável na orelha.;1
Foi um vencedor para nós.;1
) A instalação não poderia ter sido mais simples.;1
Eu tentei vários fones de ouvido diferentes para o meu telefone celular e este Jabra é o primeiro que encontrei que se encaixa confortavelmente no meu ouvido.;1
Não foi possível obter sinal forte o suficiente.;0
Eu estou muito satisfeito com minha compra.;1
Qualidade ruim.;0
Faz o trabalho.;1
Ótimo áudio !.;1
Basicamente, o serviço foi muito ruim.;0
não funcionou no meu plugue de telefone celular, estou muito configurado com o carregador!;0
Eu só tenho meu bluetooth por algumas semanas, mas eu realmente gosto.;1
O fone de ouvido da BT ficou desapontado.;0
É tão pequeno e você nem percebe que está lá depois de um tempo se acostumando.;1
O software acompanhado é quase brilhante.;1
O fone de ouvido funciona muito bem e foi muito bem embalado para evitar danos.;1
Eu definitivamente recomendo !!;1
Comprador - tenha muito cuidado !!!!!.;0
A maioria dos fones de ouvido da Logitech falhou.;0
Coisas muito boas para o preço.;1
Meu fone de ouvido funciona muito bem.;1
Em minha casa, eu estava caindo de cobertura no andar de cima e sem cobertura no porão.;0
O reconhecimento de voz é tremendo!;1
Que desperdício.;0
Durante várias chamadas diferentes de 2 minutos, experimentei 5 gotas e foi em uma área que tinha 5 barras.;0
Eu não estava feliz com este item.;0
Muito desapontado.;0
O telefone leva para SEMPRE carregar cerca de 2 a 5 horas, literalmente.;0
Eu recebi este telefone por recomendação de um parente e estou feliz por recebê-lo.;1
Que perda de tempo!;0
Sua recepção é muito, muito ruim.;0
Os itens declarados como incluídos na descrição NÃO SÃO INCLUÍDOS.;0
Após 3 meses, a tela ficou preta de repente.;0
Eu estava esperando por mais.;0
A qualidade do áudio é ruim, muito ruim.;0
Não tive absolutamente nenhum problema com esse fone de ouvido vinculado à minha 8530 Blackberry Curve!;1
Sei que isso parece engraçado, mas para mim parecia uma tecnologia superficial que não funcionaria bem.;1
Comprei fones de ouvido com fio de US $ 5 que soam melhor que esses.;0
Este telefone é muito rápido com o envio de qualquer tipo de mensagem e a navegação na Web é significativamente mais rápida que os telefones anteriores que usei.;1
Construção de boa qualidade, ao contrário de algumas merdas baratas por aí.;1
Este item é fantástico e funciona perfeitamente!;1
E eu simplesmente amo as cores!;1
W810i é simplesmente soberbo.;1
Tudo o que posso fazer é reclamar na Internet, então aqui vai. Quanto mais eu uso, menos gosto.;0
Ótimo carregador.;1
Esta é essencialmente uma ferramenta de comunicação que não se comunica.;0
"Funciona como um encanto; funciona da mesma maneira que recebi com o telefone.";1
Eu ainda mantenho que os macacos não deveriam fazer fones de ouvido, nós obviamente não compartilhamos DNA suficiente para copiar o design para os seres humanos.;0
Grande valor.;1
Não funciona de todo .. Eu comprei para o meu L7c e não está funcionando.;0
A aparência é muito nítida e a tela é agradável e clara, com ótimos gráficos.;1
não dura muito.;0
Uma coisa que eu odeio é o botão de ajuste de modo ao lado.;0
SERVIÇO EXCELENTE!!!!!!!!.;1
Obrigado por desperdiçar meu dinheiro.;0
Como pode ser isso? A qualidade do áudio é ruim.;0
Os carregadores e dicas do iGo são realmente ótimos.;1
O navegador de arquivos oferece todas as opções que você precisa.;1
Excelente telefone em uma ótima rede.;1
Liguei o bluetooth da minha esposa (Motorola HS850) ao meu telefone e funcionou como um encanto, independentemente de o telefone estar no meu bolso ou no estojo.;1
Coloquei o SO mais recente (v1.15g), e agora ele gosta de desacelerar e travar de vez em quando.;0
Ele reconhece apenas o telefone como seu dispositivo de armazenamento.;0
Se você gosta de um zumbido alto para substituir todas as suas conversas, este telefone é para você!;0
Não compre este produto.;0
Eu tenho esse fone de ouvido bluetoooth há algum tempo e ainda não me sinto confortável com a forma como ele se encaixa na orelha.;0
A qualidade do som é boa e a funcionalidade é incrível.;1
Eu tenho esse telefone e é um espinho do meu lado, eu realmente odeio.;0
Recentemente, tive problemas em que não podia permanecer conectado por mais de 10 minutos antes de ser desconectado.;0
Incrível!.;1
Falha de design?.;0
Ótimo telefone!;1
Desperdício de 13 dólares.;0
Mas quando eu verifico o correio de voz à noite, a luz de fundo do teclado apaga alguns segundos na primeira mensagem e, então, estou perdida.;0
A substituição morreu em algumas semanas.;0
Qualquer toque .. geral bom telefone para comprar ..;1
Ultimamente, eles têm sido extremamente simpáticos e prestativos ao telefone.;1
Eu tive problemas com o sinal de queda e muito mais.;0
Não estou impressionado.;0
Peso leve, eu quase não percebo que está lá.;1
Você vai adorar o quão fino é.;1
Má escolha.;0
O estojo pleather não se encaixa.;0
telefone inútil, simplesmente surdo.;0
A cor é ainda mais bonita do que eu pensava, e os gráficos são incrivelmente nítidos.;1
Em suma, acho que foi um bom investimento.;1
Faz barulhos muito estranhos antes de encerrar a ligação.;0
A melhor eletrônica dos transmissores de FM disponíveis.;1
A bateria dura apenas algumas horas.;0
ótimo fone de ouvido, muito impressionado - H500.;1
A câmera de 1.2 megapixel, fazendo parte de um telefone, é razoavelmente boa7.;1
Eu tenho isso há quase 2 anos e funcionou muito bem para mim.;1
Bom transmitir áudio.;1
Estamos enviando de volta.;0
Eu não me incomodei em entrar em contato com a empresa para obter alguns produtos em dólares, mas aprendi a lição de que não deveria ter comprado este formulário on-line de qualquer maneira.;0
Se você odeia fones de ouvido, evite este telefone por todos os meios.;0
Ótimo preço também!;1
O alcance é muito decente, fui capaz de percorrer minha casa com o telefone na sala de estar sem problemas de recepção / qualidade do som.;1
serviço rápido.;1
Eu recomendaria muito isso.;1
Eu recomendaria isso.;1
"Eu também não gostei do botão ""ligar"", parecia que ele iria rachar com o uso.";0
O pior telefone de todos os tempos.;0
Eu ainda estou apaixonado por este telefone.;1
Congela com freqüência4.;0
É meio embaraçoso de usar por causa de sua aparência e principalmente é embaraçoso como a empresa é uma criança.;0
Ajuste simples, leve e ótimo.;1
Em suma, eu esperava uma melhor experiência do consumidor da Motorola.;0
Há um som horrível no fundo em todas as minhas ligações que eu nunca havia experimentado antes.;0
Estes são certamente muito confortáveis ??e a funcionalidade é decente.;1
Eu geralmente não gosto de bandanas, mas essa é muito leve e não bagunça meu cabelo.;1
Estou um pouco decepcionado.;0
Eu tenho esse telefone há mais de um ano, e vou lhe dizer, não é tão bom assim.;0
Eu pedi isso para o Sony Ericsson W810i, mas acho que só funcionou uma vez (foi quando eu o usei pela primeira vez).;0
A bateria é completamente inútil para mim.;0
Que grande perda de tempo.;0
Não desperdice seu $$$ neste.;0
Excelente som e serviço.;1
Muito satisfeito com este produto até agora.;1
Uma das minhas compras favoritas de todos os tempos.;1
melhor bluetooth no mercado.;1
Couro autêntico com bom brilho e conforto. Recomendo-lhe este estojo !!;1
Fiquei muito empolgado com esse fone de ouvido porque achei muito fofo.;1
Não cometa o mesmo erro que eu.;0
Grande decepção com sincronização de calendário.;0
o telefone estava inutilizável e não era novo.;0
Pior serviço ao cliente de todos os tempos.;0
Não são fornecidos géis para os ouvidos adicionais e nenhuma instrução.;0
Isso anula o objetivo de um fone de ouvido bluetooth.;0
Vale cada centavo.;1
Excelente capa de telefone tipo carteira.;1
Nice fones de ouvido pelo preço e eles funcionam muito bem!;1
Internet é terrivelmente lenta.;0
Também é muito confortável de usar, que é provavelmente o aspecto mais importante do uso de um estojo.;1
Cabe como uma luva e é forte, seguro e durável.;1
Ó meu Deus, o melhor telefone que já tive.;1
É muito atraente e parece ser de boa qualidade.;1
Eu amo todos os recursos e fator de forma.;1
Este produto tinha um forte cheiro de borracha / petróleo que era insuportável depois de um tempo e me levou a devolvê-lo;0
má qualidade e serviço.;0
O cabo parece tão fino e frágil, é assustador.;0
Ótimo fone de ouvido.;1
Excelente ferramenta mãos-livres.;1
Ótimo para usar com o seu aparelho de som doméstico.;1
Bom produto - valor incrível.;1
Só tive isso por um mês, mas funcionou perfeitamente até agora.;1
Funciona bem.;1
Absolutel lixo.;0
Esse também não funcionou.;0
A vida da bateria é muito boa.;1
Devolvido 8 horas depois.;0
É um ótimo item.;1
Não desperdice seu dinheiro!;0
Amo este fone de ouvido!;1
Não apenas irá drenar o seu aparelho, mas também pode fritá-lo.;0
Funcionou perfeitamente!;1
Não confiável - estou desistindo.;0
Eu dei 5 estrelas por causa da qualidade do som.;1
Evite este se puder.;0
Plug reversível funciona muito bem.;1
Eu desperdicei meu pouco dinheiro com este fone de ouvido.;0
Telefone muito bom.;1
O melhor de tudo é o recurso rotativo, muito útil.;1
Conforto para toda a família.;1
Bom produto, bom vendedor.;1
Eu amo esse bluetooth!;1
Primeiro de tudo, ele não se veste bem.;0
Estou muito impressionado com este fone de ouvido da Plantronics.;1
Eu entendi porque era tão pequeno e adorável.;1
Ótimo telefone!;1
Eu não recomendaria comprar este produto.;0
Pedaço de lixo.;0
Dobradiça mal articulada.;0
Este item é ótimo, instalou-o, deixou-o carregado durante a noite e tem funcionado bem desde então, sem problemas;1
Ótimo telefone.;1
Não compre.;0
Excelente telefone.;1
NÃO COMPRE ESTE TELEFONE.;0
O reconhecimento de voz pelo telefone é excelente.;1
Este é sem dúvida o melhor celular que já tive.;1
Funciona muito bem, quando meu gato atacou o telefone, ele arranhou a faixa de proteção em vez de destruir a tela.;1
Este funciona e foi fixado o preço certo.;1
O serviço ao cliente foi terrível.;0
A duração da bateria ainda não é suficiente no Motorola Razor V3i.;0
Enviando de volta.;0
Agora eu sei que tomei uma decisão sábia.;1
Alguém deveria ter inventado isso antes.;1
Bom preço.;1
Tudo funcionou na primeira tentativa. O dispositivo foi certamente projetado de uma maneira inteligente e a construção parece boa.;1
Eu o recebi rapidamente e funciona muito bem!;1
Tem trabalhado muito bem.;1
Como muitas pessoas reclamaram, achei o microfone desse fone de ouvido muito fraco.;0
Meu Nokia 2160 da Tracfone, de 5 anos, tem uma carga muito melhor do que isso.;0
Eles não se importam nem um pouco com o consumidor.;0
Esta é uma bateria boa e chegou aqui muito rápido.;1
O manual de instruções está ausente.;0
Também é fino o suficiente para caber na minha docking station para despertador sem remover o estojo.;1
O telefone agora é responsável como quando era novo.;1
A bateria não é confiável e o serviço usa antena.;0
É desconfortável e a qualidade do som é muito baixa em comparação com o telefone (Razr) ou com o meu fone de ouvido com fio anterior (conectado a um LG).;0
Recebemos muitos elogios por isso.;1
Definitivamente, este é um item obrigatório se o seu estado não permitir o uso de celulares enquanto estiver dirigindo.;1
Eu quero meu dinheiro de volta.;0
Eu amo esse dispositivo.;1
Também estou muito feliz com o preço.;1
Encomendei este produto primeiro e fiquei insatisfeito com ele imediatamente.;0
O Ngage ainda está com falta de fones de ouvido.;0
Consegui fazer discagem por voz no carro sem nenhum problema.;1
Tenho 2-3 barras no meu celular quando estou em casa, mas você não pode ouvir nada.;0
bom item, preço baixo.;1
No entanto, os ringtones não são os melhores, e nem os jogos.;0
A ficha não funcionou muito bem.;0
A AMAZÔNIA SUGA.;0
Rasgue ---- Sobre o transporte da carga.;0
Muito confortável.;1
A bateria está funcionando bem como um substituto para o original que acompanha o telefone há mais de 2 anos.;1
A recepção é excelente!;1
Cabe confortavelmente em qualquer ouvido, o som é nítido e alto e a carga dura alguns dias.;1
som muito claro e de qualidade e você não precisa mexer no som do seu iPod, pois possui os botões de som no fone de ouvido.;1
1. bateria de longa duração (você não precisa recarregá-la com a mesma frequência que alguns dos telefones flip) 2.;0
Obviamente, há um problema com o adesivo.;0
Muito decepcionante.;0
Era uma peça barata, mas eu ainda esperava uma melhor qualidade.;0
É praticamente inútil e não aumentou a minha recepção depois que a comprei.;0
Excelente qualidade de som.;1
Não estava feliz.;0
UMA PARTE DE LIXO QUE QUEBRADA APÓS ESTAR NO MEU TELEFONE POR 2 DIAS !!!;0
Nova bateria funciona muito bem no telefone.;1
Pior serviço ao cliente.;0
Larguei meu telefone mais vezes do que posso dizer, mesmo no concreto e meu telefone ainda é ótimo (bata na madeira!).;1
A recepção é terrível e cheia de estática.;0
Boa qualidade de áudio.;1
Esse pequeno dispositivo transformou minha capacidade organizacional e tornou minha vida muito mais fácil.;1
Eu estava sentado no meu veículo, com o berço no cinto e o fone de ouvido perdeu o sinal.;0
Foram empurrões no telefone.;0
Funciona como um encanto. Funciona como anunciado.;1
Gama confortável e agradável, boa duração da bateria.;1
Sua cobertura de rede em Los Angeles é horrível.;0
Excelente fone de ouvido sem fio para iniciantes.;0
A opção de alto-falante é ótima, os pára-choques com as luzes são muito ... atraentes.;0
A única coisa que acho que poderia melhorar é o som que sai do fone de ouvido.;0
Primeiro a recepção é péssima, eu nunca tive mais de 2 bares, nunca.;0
O telefone fica EXTREMAMENTE QUENTE!;0
O microfone também funciona bem, mas (de acordo com as pessoas que chamei) aplica tudo.;1
Design e qualidade agradáveis.;1
Além disso, se o seu telefone cair, este gabinete não o salvará, especialmente quando cair com a face para baixo.;0
É leve, fácil de usar e possui recepção e transmissão muito claras.;1
ajuste ruim, muito grande.;0
Definitivamente não foi tão bom quanto o meu S11.;1
dispositivo incrível.;1
Desperdício de dinheiro.;0
Eu pedi um cabo de dados da Motorola, obtive um produto muito bem acabado e funcionando.;1
Amo este telefone.;1
Eu estava procurando esse fone de ouvido por um longo tempo e, agora que o comprei, não poderia estar mais feliz.;1
Estarei dirigindo e meu fone de ouvido começa a tocar sem motivo.;0
A tela é excelente e a câmera é tão boa quanto qualquer outra naquele ano.;1
A vida da bateria também é ótima!;1
O pior telefone que já tive ... Só o tive por alguns meses.;0
Não é um bom item. Funcionou por um tempo e começou a ter problemas no meu toca-fitas reverso automático.;0
Isso é tão embaraçoso e também meus ouvidos doem se eu tentar colocar o plugue no meu ouvido.;0
Protege o telefone por todos os lados.;1
Este é um telefone MUITO comum com bateria com pouca carga e que opera em uma rede fraca.;0
Chamadas nítidas pelo Skype, Longa duração da bateria, Longo alcance.;1
A tecnologia Soyo é péssima.;0
Grande dispositivo mãos-livres.;1
você pode até tirar auto-retratos com a tela externa (externa), muito legal.;1
Mesmo problema que outros já mencionaram.;0
Depois de experimentar muitos dispositivos handsfree, este é o que finalmente funciona bem.;1
Ajuda mágica.;1
A pior porcaria de todos os tempos, juntamente com o serviço ao cliente da Verizon.;0
Má qualidade de som.;0
O melhor celular do mercado :).;1
Funcionou muito bem.;1
A empresa enviou meu produto muito rapidamente e funciona bem.;1
Exatamente o que eu queria.;1
A resolução da imagem está muito abaixo do que outros telefones com preços comparáveis ??estão oferecendo hoje.;0
Isso é muito.;1
Excelente produto, estou muito satisfeito com a compra.;1
Eu recomendo isso e encorajo as pessoas a experimentá-las.;1
Melhor do que você esperaria.;1
Usando todos os fones de ouvido, esquerdo ou direito, essa coisa não ficará no meu ouvido.;0
Ótimo produto e preço.;1
Parece bom com preços razoáveis ??e eficaz, é simples assim!;1
Ainda esperando ...... Tenho certeza de que esse item funcionaria bem .. se eu recebê-lo!;0
que decepção;0
Serviço muito rápido.;1
Excelente produto pelo preço.;1
Muito satisfeito com este fone de ouvido.;1
não perca seu dinheiro e tempo.;0
Adoro especialmente a longa duração da bateria.;1
É tão estúpido ter que continuar comprando novos carregadores, carregadores de carro, berços, fones de ouvido e kits para carro toda vez que um novo telefone é lançado.;0
Funciona bem.;1
Plantronics Bluetooth Excelent Buy.;1
Eu vim da Verizon porque a cingulair tem telefones celulares mais agradáveis ??... a primeira coisa que notei foi o serviço realmente ruim.;0
Vou procurar um novo fone de ouvido.;0
Eu recomendo este dispositivo para todos!;1
Jawbone Era também é incrível!;1
Recebemos uma bateria de cor BRANCA que fica MORTA depois de algumas horas.O original costumava durar uma semana - mas ainda dura mais do que o local;0
Depois de um ano, a bateria ficou completamente descarregada no meu fone de ouvido.;0
Eu usei vários telefones em dois anos, mas este é o melhor.;1
Um novo visual impressionante para o outono de 2000 !.;1
Este é o primeiro telefone que tive que foi feito de forma tão barata.;0
Att não é claro, o som é muito distorcido e você tem que gritar quando fala.;0
O plástico quebra muito fácil neste clipe.;0
O preço também é bom.;1
Não cometa o mesmo erro que eu cometi.;0
Ah, e eu esqueci de mencionar também o efeito de cor estranho que ele tem no seu telefone.;0
Estou usando-o com um iriver SPINN (com estojo) e ele se encaixa bem.;1
Também a área onde minha unidade quebrou) .- Não gosto muito da fita magnética.;0
No geral, estou empolgado por ter um telefone com todos os meus compromissos e contatos e com ótima recepção.;1
tudo no telefone funciona perfeitamente, ela gosta.;1
Outra observação sobre a aparência deste telefone é que ele realmente parece um pouco sem graça, especialmente no modelo totalmente preto.;0
É MUITO FÁCIL.;1
Meu Sanyo sobreviveu a dezenas de quedas no asfalto sem efeitos negativos.;1
Fones de ouvido fantásticos.;1
Ele encontra meu celular imediatamente quando entro no carro.;1
Baixa qualidade.;0
Eu recomendo este telefone celular com preços modestos.;1
Mas obtém melhor recepção e clareza do que qualquer telefone que eu já tinha antes.;1
Aviso - Fique longe.;0
Eu gostaria de poder devolver a unidade e recuperar meu dinheiro.;0
Dispositivo impressionante funciona muito bem!;1
Eu costumava falar sobre isso por 1 a 1 hora e meia e a bateria fica literalmente descarregada e morrendo.;0
Se você não o encontrar, é muito ruim, pois novamente a unidade vem com apenas um fone de ouvido. Eu não recomendaria isso a ninguém.;0
Muito descontente.;0
Eu poderia ter tido um defeito, mas não correria o risco de comprá-lo novamente por causa da qualidade construída.;0
Eles fizeram esse gabinete muito pequeno e é muito difícil de instalar.;0
Restaurou meu telefone para gostar de um novo desempenho.;1
Eu recomendaria comprar o Jabra JX-10 series 2, que funciona perfeitamente com o meu Moto Q, vai entender.;1
Pesquisei na Internet e achei esse o melhor valor.;1
Não serve.;0
Muito feliz com este produto.;1
O tamanho da tela é grande, o teclado está iluminado o suficiente e a qualidade da câmera é excelente para um telefone com câmera.;1
Não há realmente nada de ruim que eu possa dizer sobre esse fone de ouvido.;0
Estou feliz por encontrar este produto na Amazon, é difícil de encontrar, não era caro.;1
Portátil e funciona.;1
Agora, meu colega e eu recebemos uma ótima recepção. Um pouco caro, mas o desempenho é ótimo.;1
Até carreguei completamente antes de ir para a cama, desliguei o dente azul e o wi-fi e notei que restavam apenas 20% pela manhã.;0
Também tive problemas com o telefone ao ler o cartão de memória no qual sempre o ligo e depois desligo.;0
Não é bom quando vestindo um chapéu ou óculos de sol.;0
Envio atempado e produto de qualidade.;1
Bom teclado sólido.;1
Muito bem feito e se encaixa perfeitamente no meu Surefire GX2.;1
Telefone horrível.;0
BT50 lixo da bateria !.;0
Nós os recomendamos a outros.;1
Não é possível fazer o software funcionar com o meu computador.;0
Decepcionado!;0
falta de clareza de voz.;0
A bateria funciona muito bem!;1
Nenhum comprador se arrepende deste!;0
Muito decepcionado com o AccessoryOne.;0
Acho isso imperdoável e provavelmente retornará este telefone e talvez mudando de operadora.;0
"Parece ótimo e é forte. """;1
Eu tenho o serviço TMobile há 2 ou 3 anos e estou muito feliz com isso.;1
O procedimento de atualização é difícil e complicado.;0
Desapontamento .. Eu odeio tudo o que entra no meu ouvido.;0
Ótimo software para Motorolas.;1
A entrega foi pontual.;1
Muito fácil de usar.;1
Desconfortável no ouvido, não use com LG VX9900 (EnV).;0
A chave de volume disparou da unidade para um destino desconhecido.;0
Mantém uma carga por um longo tempo, é razoavelmente confortável em condições de uso prolongado e a qualidade do som é tremenda.;1
Eu gostaria de devolvê-lo.;0
O teclado é realmente útil em termos de utilidade e é resistente o suficiente, não espero problemas.;1
As contas da Verizon, no entanto, são difíceis de entender, embora seus planos de preços sejam simples.;0
Após o carregamento durante a noite, essas baterias funcionam muito bem.;1
Você não vai se arrepender!;1
Eu amo esse telefone!;1
Um desapontamento.;0
Não é fácil de usar.;0
Infelizmente, a capacidade de realmente saber que você está recebendo uma ligação é um recurso bastante importante e esse telefone é lamentável a esse respeito.;0
Depois troquei pelo mesmo telefone, mesmo que tivesse o mesmo problema.;0
Isso faz com que o telefone fique preso no volume máximo ou mudo.;0
Este PDA é ótimo.;1
É super carregado para uso como um pequeno palmtop / câmera / celular híbrido e é excelente nessas funções.;1
Eu recomendaria definitivamente o Jabra BT250v para quem procura conforto, clareza e um ótimo preço!;1
Eu tinha Verizon há 2 anos e realmente gostei do seu serviço.;1
Um belo pedaço de lixo.;0
O plugue estava do tamanho errado.;0
Funciona como descrito.;1
Economize seu dinheiro .... Eu tenho esse item há 11 meses.;0
Compra ruim.;0
BEM IM SATISFEITO.;1
O cancelamento de ruído da bose é incrível, o que é muito importante para um viajante de Nova York.;1
Esta bateria é uma excelente pechincha!;1
Porcaria com defeito.;0
Eu não teria dado nenhuma estrela se fosse capaz.;0
Eu uso óculos e se encaixa bem com eles.;1
A qualidade do som do dispositivo é inaceitável. A menos que você esteja em uma área muito tranquila, quase não ouvirá nada.;0
Eu não recomendaria este item a ninguém.;0
O coldre que chegou não corresponde à foto no anúncio.;0
ótimo ... sem problemas !.;1
Como observou uma revisão anterior, conecte este carregador e nada acontece.;0
Este charme de telefone sapo é adorável e muito atraente.;1
Você nunca sabe se pressionou o suficiente ou o número certo de vezes para a função que deseja ou não.;0
O som é nítido e as pessoas com quem falo também ficam impressionadas com a qualidade.;1
Comprei o estojo de alumínio para o meu novo Palm VX e funcionou muito bem - ele protegeu meu computador de mão perfeitamente até agora.;1
produto muito bom, bem feito.;1
Ferramentas de telefone móvel são um must have.;1
Estou muito impressionado com o trabalho que a Motorola fez com a robustez deste telefone.;1
Recebi meus pedidos dentro do prazo de entrega, tudo estava em boas condições de funcionamento e, no geral, estou muito animado por ter essa fonte.;1
O telefone é resistente e impermeável.;1
Não estou impressionado com isso e eu não recomendaria este item a ninguém.;0
Minha única reclamação é que o volume padrão do som é um pouco baixo, mesmo quando aumentado para 5 (de 5);0
Mais uma vez obrigado à Amazon por ter as coisas de que preciso por um bom preço!;1
Acabei deslizando-o na borda da minha calça ou bolso traseiro.;1
Eu tive que ir a uma loja e comprei um novo telefone NOKIA que está funcionando muito bem.;1
Funciona bem!.;1
REALMENTE FEIO.;0
horrível, tive que mudar 3 vezes.;0
A proteção contra ruídos é incrementável.;1
Nenhuma melhoria real.;0
Bateria Razr - Boa compra.;1
Mantenha o bom trabalho Amazon !!;1
Eles se recusam a reembolsar ou substituir.;0
Infelizmente, é fácil ativá-los acidentalmente com os botões de toque suave se você tocar acidentalmente o telefone no rosto enquanto ouve.;0
Então, basicamente joguei meu dinheiro pela janela por nada.;0
Ótimo caso e preço!;1
Tudo o que precisou foi uma gota de cerca de 15 cm acima do balcão da cozinha e estava rachada. Não estou impressionada e não estou rindo.;0
O alcance do Bluetooth é bom - há alguns dias deixei meu telefone no porta-malas, recebi uma ligação e continuei a conversa sem problemas.;1
Configuração pequena, elegante e impressionante, prática, com amplo armazenamento no local.;1
Os eargels canalizam o som diretamente no ouvido e parecem aumentar o volume e a clareza do som.;1
nenhum dos novos funcionou corretamente.;0
Estou feliz por ter comprado.;1
Perdi várias chamadas por esse motivo.;0
Talvez meu telefone esteja com defeito, mas as pessoas não podem me ouvir quando eu o uso.;0
Não compre este produto.;0
sugado, a maioria das coisas não funciona com o meu telefone.;0
Sem mudança, sem borbulhar, sem descascar, nem mesmo um arranhão, NADA! Eu não poderia estar mais feliz com o meu novo para o Droid.;1
O pior software já usado ... Se eu pudesse dar zero estrelas, eu daria.;0
Tentar ligar para eles é um exercício de frustração.;0
A caixa é uma peça de plástico frágil e não possui proteção frontal ou lateral.;0
Eu possuo um Jabra Earset e fiquei muito feliz com ele, mas a qualidade do som, especialmente de saída, é melhor.;1
Eu amo a câmera, é realmente muito boa qualidade.;1
Obrigado por esse ótimo serviço.;1
É um pacote total.;1
O vendedor é muito compreensivo e paciente, eu definitivamente compraria deles novamente.;1
"Dou 1 estrela a Wirefly. Entrarei em contato com a Cingular / AT & T; e informá-los dessa prática.";0
É AGRAVANTE!;0
Bom produto para o preço!.;1
Comprei-os para a família e os amigos e todos desfrutam de clareza e facilidade de uso;1
Virgin Wireless arrasa e o mesmo acontece com este pequeno telefone barato!;1
Nada disso funciona, apenas não compre.;0
Som enlameado e de baixa qualidade, e o invólucro ao redor da pastilha do fio estava super colado e escorregou.;0
Por favor, não desperdice seu dinheiro.;0
Em suma, estou bastante satisfeito com esta compra.;1
Se você estiver procurando por um headset de boa qualidade da Motorola, não é isso.;0
No entanto, a Plantronincs continua usando o mesmo design defeituoso do carregador.;0
Resultados decepcionantes.;0
Projeto pesado.;0
Ótimo foi novo empacotado nice funciona bem, sem problemas e veio em menos tempo, então eu esperava !!!!;1
Ótimo produto.;1
É uma peça de sucata!;0
Minha experiência foi terrível ..... Este foi o meu quarto fone de ouvido bluetooth e, embora fosse muito mais confortável do que meu último Jabra (que eu odiava !!!;0
Isso corrige todos os problemas.;1
Pior de sempre.;0
estou muito feliz;1
Não tive problemas para acessar a Internet, baixar toques ou executar qualquer uma das funções.;1
"Eu mal posso ouvi-lo e estou constantemente dizendo ""o quê?""";0
A vida da bateria é altamente inaceitável.;0
Essa empresa é uma piada.;0
Faz tudo o que a descrição disse que faria.;1
Devido a isso em todas as chamadas, fui forçado a parar de usar este fone de ouvido.;0
Funciona muito bem com um carregador de carro, especialmente se você não pode conectar dois adaptadores ao mesmo tempo.;1
O suporte técnico da Verizon orientou-me em alguns procedimentos, nenhum dos quais funcionou e eu acabei tendo que fazer uma redefinição difícil, apagando todos os meus dados.;0
Qualidade de voz, intensidade do sinal, chamadas interrompidas.;0
"Toca mais alto do que qualquer outro alto-falante desse tamanho; o preço é tão baixo que a maioria pensaria que a qualidade está faltando, no entanto, não está.";1
Melhor que o esperado.;1
Parece mal construído, os menus são difíceis de navegar e os botões são tão embutidos que é difícil pressioná-los.;0
A bateria está aguentando bem.;1
Também é difícil de colocar. Recomendo evitar este produto.;0
Eu usei apenas dois dias, e nem sempre foi fácil ouvir isso.;0
Peguei o carregador do carro e nem depois de uma semana o carregador estava quebrado ... Fui ligá-lo e ele começou a fumar.;0
Sprint - terrível serviço ao cliente.;0
Vinculado ao meu telefone sem esforço.;1
Eles são tão legais!;1
Fácil de usar.;1
Melhor do que novo.;1
O que me possuiu para pegar esse lixo, não faço ideia ...;0
Pedaço de lixo.;0
Um produto muito bom.;1
Este é um ótimo celular!;1
Pelo preço na Amazon, é um excelente produto, que eu recomendo.;1
A divisão de Pesquisa e Desenvolvimento obviamente sabe o que está fazendo.;1
O verdadeiro assassino é o volume e, é claro, está quebrando.;0
Esses telefones estão funcionando muito bem agora.;1
Estou mais do que feliz com este produto.;1
Má construção.;0
Isso é irritante.;0
No geral, eu recomendaria este telefone pelo novo Walkman.;1
A Sprint cobra por este serviço.;0
É barato, e parece e parece tão barato.;0
Cabe bem no meu ouvido e é confortável.;1
Não funciona na Europa ou na Ásia.;0
prender isso no seu cinto fará com que você se sinta como o futuro de 50 centavos.;1
Eu gosto do design e da aparência da Jabra usando os fones de ouvido e o 5020 é bastante confortável de usar 24 horas por dia sem dor no ouvido.;1
Fiquei espantado com a rápida chegada das duas baterias originais de celular LG e com uma fração do preço.;1
o pior celular da samsung ... porcaria ..... esse porcaria Samsung E715 .. é o pior que eu já vi.;0
o carregador funcionou por cerca de uma semana e parou completamente de carregar meu telefone.;0
Mau produto.;0
No entanto, eu precisava de algumas instruções melhores.;0
Você precisa de duas mãos para operar a tela. Essa interface de software tem uma década e não pode competir com novos designs de software.;0
Funcionou muito bem emparelhado com um Treo 700w e como fone de ouvido do Skype no meu PC (usando um transceptor USB Bluetooth).;1
Evite este produto e use as canetas de substituição originais da Palm, que vêm em um pacote de três.;0
NÃO COMPRAR NÃO COMPRAR SUGA;0
Este é um ótimo produto ... com certeza é melhor do que usar os dedos !.;1
Além disso, eu realmente não acredito que valha a pena seu preço íngreme.;0
Todos os outros casos que tentei normalmente desmoronam depois de alguns meses, mas este parece durar muito tempo.;1
Desempenho muito decepcionante.;0
Não cometa o mesmo erro que eu cometi e, por favor, não compre este telefone.;0
Este telefone pode muito bem ser o pior que já tive em qualquer marca.;0
Case foi mais ou menos um extra que eu coloquei originalmente, mas depois descartei porque arranhou minha orelha.;0
Eu recomendo o iGo para qualquer pessoa com diferentes celulares / mp3 players da família.;1
Não se preocupe - vá à loja.;0
Postei comentários mais detalhados sob o telefone cinza ou preto, mas tenho o Fire Red e é uma ótima cor!;1
Não tive nenhum problema com este item e o pediria novamente, se necessário.;1
Você recebe o que você paga, eu acho.;0
O software não apenas fez um ótimo trabalho nisso, como também criei meus próprios toques para formar meus CDs existentes sem conexão à Internet.;1
Estou surpreso que este é um carregador de carro de boa qualidade e não há muitas críticas sobre ele.;1
Estes são fabulosos!;1
No entanto, atualmente, os fones de ouvido BT não são bons para jogos em tempo real, como jogos de tiro em primeira pessoa, pois o atraso no áudio me atrapalha.;0
Usei o bitpim (um programa gratuito que você pode encontrar na internet) para transferir dados para o telefone. O preço do cabo era excelente.;1
Acessório decepcionante de um bom fabricante.;0
Realizou um som estúpido e abafado, horrível, e eco grave para os que estavam do outro lado da chamada.;0
Muito resistente ao vento.;1
Obviamente, eles têm um péssimo atendimento ao cliente, então você obtém o que paga.;0
Eles não duram para sempre, mas não são muito caros para substituir. Fácil de operar e o som é muito melhor do que outros que tentei.;1
Entrei em contato com a empresa e eles me disseram que, embora a unidade ainda estivesse na garantia, se eu não pudesse produzir meu recibo, estava sem sorte.;0
A Linksys deve ter uma maneira de trocar um telefone ruim por uma unidade de recondicionamento ou algo assim!;0
O telefone é resistente como todos os telefones nokia bar.;1
Ótimo telefone.;1
Quando coloquei meu treo no estojo, ele não apenas não estava confortável, mas havia muito espaço extra nas laterais.;0
Estou satisfeito.;1
A bateria está péssima.;0
Eu achei o produto fácil de configurar e usar.;1
O fone de ouvido é muito grande ou muito pesado ... continua caindo do meu ouvido.;0
Uma porcaria total. A qualidade do som é TERRÍVEL.;0
O carregador chegou dentro do prazo prometido, mas não funcionou.;0
Não é necessário um laço para a orelha, é minúsculo e o som é ótimo.;1
Finalmente, depois de três ou quatro vezes a mola da trava quebrou e eu não consegui mais usá-la na viseira.;0
A parte do viva-voz funciona bem, mas o carro tenta fazer o download do catálogo de endereços e o Treo é reiniciado. No geral, eu ainda avalio esse dispositivo alto.;1
Fale sobre o atendimento ao cliente USELESS.;0
"Parecia muito leve e ""minúsculo"".";0
Isso não se encaixa no Palm Tungsten E2 e quebrou na primeira vez que tentei conectá-lo.;0
Estou feliz com esta compra - de boa qualidade e preço baixo.;1
Adoro a aparência dos flipphones Samsung.;1
É bem desenhado e muito nítido - o azul é uma cor muito agradável.;1
Faz tudo o que deveria e muito mais.;1
Eu não poderia recomendar mais isso.;0
Som agradável.;1
Parece bom na foto, mas este caso foi uma grande decepção !!;0
Muito menos do que o osso da mandíbula que eu iria substituí-lo.;1
A instalação correu muito bem.;1
é extremamente lento e leva uma eternidade para fazer qualquer coisa com ele.;0
"Um estudo obrigatório para qualquer pessoa interessada nos ""piores pecados"" do design industrial.";0
A primeira coisa que aconteceu foi que o rastreamento estava desligado.;0
É bem feito, fácil de acessar o telefone e possui um prendedor de cinto destacável e prático.;1
Então tive que continuar emparelhando-o periodicamente, pois de alguma forma continuava caindo.;0
Não é possível fazer upload de toques de terceiros.;0
O Bluetooth não funciona, o telefone trava, as telas piscam e agora ele faz chamadas aleatoriamente enquanto meu bolso está bloqueado.;0
Verdadeiramente horrível.;0
Funciona bem no meu celular Motorola 325 e muito melhor do que a bateria gasta.;1
O volume da campainha é REALMENTE bom (você tem opções de quão alto).;1
E nenhum dos tons é aceitável.;0
o equilíbrio de cores da câmera é INCRÍVEL.;0
"Claramente, este produto não está pronto para o horário nobre; não me importo com o quão legal é, se você não pode dizer que uma ligação está chegando, é inútil.";0
Eu amo os toques porque eles são muito animados!;1
Falsificações chinesas abundam !.;0
Fácil de emparelhar com o meu Samsung Cell.;1
As instruções não explicaram que uma tomada de microfone poderia ser usada.;0
Eu aconselho a não comprar este item que nunca funcionou muito bem.;0
Pena que você tem que pagar até $$$ por mês pelo serviço!;0
Funciona bem.;1
O cabo USB do nokia CA-42 não funcionou com o meu telefone.;0
Som nítido e claro.;1
Eu tenho que usar os menores fones de ouvido fornecidos, mas ele permanece bem.;1
A maior reclamação que tenho é que a bateria é muito rápida.;0
O design pode ser ergonômico em teoria, mas eu não aguentava tê-los no meu ouvido.;0
NÃO compre se você quiser usar o coldre.;0
O telefone também pode tirar ótimas fotos e até videoclipes.;1
Não faz você parecer legal.;0
Como os dois ouvidos estão ocupados, o fundo não é perturbador.;1
Ajuste confortável - você precisa que o fone de ouvido fique confortável por pelo menos uma hora por vez, se não durante um dia inteiro.;1
Além disso, o telefone parece não aceitar nada, exceto mp3 CBR, de preferência copiado pelo Windows Media Player.;0
Você não pode bater o preço com estes.;1
* Vem com uma luz forte que você pode usar para iluminar as fotos da câmera e até piscar sinais SOS (sério!;1
leve e funciona bem.;1
Então, tenha cuidado.;0
Adoro este cabo - ele permite conectar qualquer dispositivo mini-USB ao meu PC.;1
Portanto, qualquer pessoa próxima a você ouvirá parte de sua conversa.;0
Isso é legal porque a maioria dos casos é aberta apenas para permitir que a tela fique toda arranhada.;1
Comprei este telefone como substituto do meu StarTac e lamento desde então.;0
Parece realmente superar a bateria original da China que acompanha o meu V325i.;1
Não é possível armazenar nada além de números de telefone no SIM.;0
Dura menos de 3o minutos, se eu realmente tentar usar o telefone. Minha esposa tem o mesmo telefone com o mesmo problema.;0
Má qualidade.;0
"gel de ouvido jabra ""R"" o melhor !.";1
Não vale a pena.;0
O telefone travou completamente e agora tenho que substituí-lo.;0
Parou de funcionar depois de usá-lo por cerca de 18 meses, então acabei de comprar outro, porque este é o melhor fone de ouvido que já tive.;1
Infelizmente, ele não recarrega meu iPhone 4s, apesar de conectá-lo a partir de várias fontes de energia (iMac, bateria externa, tomada de parede, etc.).;0
Foi um ótimo celular.;1
se você simplesmente quer um telefone flip pequeno - procure outro lugar, pois os sinos e assobios extras são medíocres.;0
Bom valor, funciona bem - alimentação via USB, carro ou tomada.;1
Meu telefone não desliza ao redor do meu carro agora e a aderência impede que meu telefone escorregue da minha mão.;1
Este é simplesmente o MELHOR fone de ouvido bluetooth para qualidade de som!;1
Pense nisso quando você planeja possuir este! Este é certamente o último telefone MOTO para mim!;0
"No espaço de uma hora, duas pessoas exclamaram ""Whoa - esse é o novo telefone na TV?!?";1
Eu sempre usei fones de ouvido com fio e a liberdade da conexão sem fio é muito útil.;1
Este gabinete ultrapassou a marca de um ano e, embora mostre sinais de desgaste, é 100% funcional.;1
"Fora isso, o couro é bonito e macio; o ajuste é muito apertado; o corte para o rosto é uma boa forma.";1
Tem tudo o que preciso e não poderia pedir mais.;1
Depois de receber e usar o produto por apenas 2 dias, ele quebrou.;0
Este produto é ótimo ... torna o trabalho muito mais fácil. Posso ir à copiadora enquanto aguardo algo em espera.;1
Nenhum dos três tamanhos que eles enviaram com o fone de ouvido ficava nos meus ouvidos.;0
A T-Mobile tem o melhor atendimento ao cliente em qualquer lugar.;1
Chegou rapidamente e muito mais barato do que outros vendidos.;1
Tentamos 2 unidades e ambas falharam em 2 meses. Prós;0
Fornece boa proteção e parece elegante também.;1
Krussel Sempre bom.;1
O site do tracfonew é amigável e facilita a ativação, etc.;1
O design é muito bom.;1
Eu ótima recepção o tempo todo.;1
Eu recomendo este produto.;1
Não foi possível usar a unidade com óculos de sol, não é bom no Texas!;0
Não funciona na maioria das vezes com o meu Nokia 5320.;0
Comprou principalmente pelo carregador, que quebrou logo após a compra.;0
Se você gosta de um zumbido alto para substituir todas as suas conversas, este telefone é para você!;0
Compra fantástica e receberei novamente por qualquer que seja o meu próximo telefone;1
fique longe desta loja, tenha cuidado.;0
Este alto-falante do telefone mãos-livres BlueAnt Supertooth é INCRÍVEL.;1
Não serve.;0
.... O item chegou rapidamente e funciona muito bem com o meu telefone deslizante Metro PCS Samsung SCH-r450 e o Sony Premium Sound em tampões para os ouvidos.;1
É leve, possui muita capacidade da bateria e é muito confortável de usar por períodos prolongados.;1
decepcionante.;0
Blue Ant é fácil de usar.;1
Barato, mas olha que funciona .. Fiquei agradavelmente surpreso, dado o baixo custo deste item.;1
A câmera do telefone pode ser usada como uma pá de lixo em ambientes fechados ... Prefiro usar um descartável do que isso.;0
Alguns dias depois, uma nuvem de fumaça saiu do telefone enquanto estava em uso.;0
É muito conveniente e simples de usar - faz o trabalho e torna o carro muito mais suave.;1
O nano afirmou que. Meu filho estava desapontado.;0
A qualidade do som também é excelente.;1
É o melhor fone de ouvido que já usei.;1
Não recomendo.;0
Eles existem há anos e carregam a mais alta qualidade de protetor de tela anti-reflexo que eu encontrei até o momento.;1
Apenas o que eu queria.;1
Este modelo em particular não funcionaria com o meu smartphone Motorola Q.;0
não funcionará direito ou pelo menos para mim.;0
"além disso, parece & amp; parece que o telefone é todo de plástico leve e barato.";0
"Mas agora que está ""fora da garantia"", os mesmos problemas voltam a aparecer. Linha inferior ... coloque seu dinheiro em outro lugar ... A Cingular não suportará.";0
Eu realmente queria que o Plantronics 510 fosse o caminho certo, mas ele tem muitos problemas para mim.;0
Ótimo produto.;1
Fresco e nítido.;1
Após a primeira carga, a carga desapareceu após 12 minutos.;0
Um plástico MUITO barato, range como um velho piso de madeira.;0
Recebo uma recepção absolutamente horrível no meu apartamento, onde com outros telefones eu não tive esse problema.;0
A recepção tem sido geralmente boa.;1
Excelente som, duração da bateria e discreto para inicializar !.;1
Ótimo bluetooth !.;1
Eu recomendo este caso.;1
QUE VALE A PENA.;1
Isso é muito.;1
Depois que meu telefone tinha cerca de um ano, ele foi quebrado lentamente, apesar de muito cuidado da minha parte.;0
Lamento ter feito esta compra.;0
Comprei esses itens esperando poder fazer o meu fone de ouvido Bluetooth se encaixar melhor, mas essas coisas impossibilitavam o uso.;0
A Treo e a T-Mobile se recusaram a substituí-lo novamente e me forçaram a comprar outro telefone sem qualquer tipo de desconto na atualização.;0
Foi horrível!.;0
Eu não acho que seria muito seguro em seu cinto.;0
Isso permite a possibilidade de reserva dupla para a mesma data e hora após a primeira.;0
Eles trabalham cerca de 2 semanas e depois quebram.;0
É simples de usar e eu gosto.;1
É uma ótima ferramenta para entretenimento, comunicação e gerenciamento de dados. Use o ActiveSync 4.2 para obter ótimos resultados de sincronização de dados!;1
Não posso usar este caso porque o cheiro é nojento.;0
NÃO O QUE EU QUERIA.;0
Eu possuo 2 desses casos e pediria outro.;1
Ótimo telefone.;1
Comprei esta bateria com um cupom da Amazon e estou muito feliz com minha compra.;1
O acesso à Internet foi bom, o raro exemplo de que funcionou.;0
Perfeito para o PS3.;1
Cinco estrelas Plus, mais.;1
Uma pechincha de boa qualidade. Comprei isso depois que comprei um barato da Big Lots que parecia horrível e as pessoas do outro lado não conseguiam me ouvir.;1
$ 50 Pelo ralo.;0
Tentei falar bem alto, mas gritar no telefone ficou velho e ainda me disseram que não era ótimo.;0
Bom, funciona bem.;1
Pelo preço, este foi um ótimo negócio.;1
Ótimo preço também!;1
Se houver vento, é completamente inútil.;0
Sim, é brilhante na frente - e eu adoro!;1
Não funciona.;0
No começo, eu pensei que estava ganhando bastante em US $ 7,44, até conectá-lo ao meu telefone (V3c Razr).;0
A recepção através deste fone de ouvido é excelente.;1
2 pontos positivos deste vendedor;1
Eu tenho um telefone da Verizon LG e eles funcionam bem juntos, boa recepção e alcance que excede a 20 pés da linha de visão.;1
Descrição inadequada .... Eu tive que devolvê-lo.;0
# 1 Funciona - # 2 É confortável.;1
A vida útil da bateria é bastante longa.;1
Os Jabra EarGels se encaixam muito bem nos meus ouvidos.;1
A bateria não tem vida útil.;0
Eu verifiquei em todos os lugares e não há nenhum recurso, o que é realmente decepcionante.;0
O produto é exatamente como descrito.;1
Recebe um sinal quando outros telefones da Verizon não o fazem.;1
Não faz o trabalho.;0
Eu recomendaria.;1
Planeje encomendar uma e outra vez.;1
"Dito isto, para um telefone, a câmera é muito boa; muitos efeitos legais para brincar, e o vídeo também é decente.";1
Fiquei muito satisfeito com este telefone celular desde o primeiro dia.;1
Eles continuam melhorando cada vez mais (este é o meu terceiro e eu também tive várias Palms).;1
Inábil de usar e não confiável.;0
O tempo de entrega também foi muito rápido!;1
Não é tão bom quanto eu esperava.;0
Bom caso!;1
Não funciona.;0
Produto realmente bom.;1
Infelizmente não funcionou.;0
Todos os três quebraram dentro de dois meses de uso.;0
não compre.;0
Meu pai tem o V265 e a bateria está acabando.;0
No entanto, os protetores auriculares se soltam facilmente e depois de apenas uma semana eu perdi um.;0
As chamadas caem, o telefone liga e desliga à vontade, a tela fica preta e o pior de tudo deixa de tocar intermitentemente.;0
Horrível, horrível protetor.;0
Também não gosto deste Nokia.;0
Atingir a linha inferior é desconfortável, e as chaves de envio e de finalização não estão onde eu espero que elas estejam.;0
Eu comprei este celular Nokia há algumas semanas e foi um pesadelo.;0
Levaria muito tempo para descrever o quão ruim minha experiência de atendimento ao cliente tem sido com a Amazon.;0
a única coisa MUITO decepcionante foi que não havia nenhum alto-falante !!!!;0
Terrível .. Meu carro não aceita esta fita.;0
O produto é inútil, pois não possui corrente de carga suficiente para carregar os dois celulares com os quais eu planejava usá-lo.;0
Não é o que diz que é.;0
Fique longe do Q !.;0
Usado e sujo.;0
Serviço muito confiável da T-mobile!;0
Não é bom o suficiente para o preço.;0
Eu comprei dois deles e nenhum deles cobrará.;0
Parece muito bom.;1
Essa é uma excelente ferramenta, especialmente quando combinada com a resposta automática do seu telefone.;1
Eu li os comentários de outros aqui, mas não tive nenhum problema com isso.;1
Esses produtos encobrem o importante sensor de luz acima da saída do ouvido.;0
Confortável na minha mão.;1
Apenas não funciona.;0
Baixa confiabilidade.;0
(Funciona!);1
Se eu tirar uma foto, a bateria cai uma barra e começa a emitir um sinal sonoro, informando que está morrendo.;0
Produto terrível e desperdício de dinheiro!;0
Última vez comprando de você.;0
Foi um desperdício do meu dinheiro.;0
Até agora, funcionou como um encanto.;1
Eu só tenho há algumas semanas, mas até agora, tudo bem.;1
Mas, em qualquer caso, a melhor parte é que você pode baixar essas fotos para o seu laptop usando IR, ou até mesmo enviar fotos do seu laptop para o telefone.;1
Recomendaria este item.;1
"É o meu fone de ouvido preferido há anos. Ótimo som; bom volume; bom cancelamento de ruído.";1
Bom caso, é bom em suas mãos.;1
O item recebido foi Falsificado.;0
Muito bom .. Até agora, provavelmente o melhor fone de ouvido BT que eu já tive.;1
Funciona bem.;1
Recebi meu fone de ouvido em tempo útil e fiquei feliz com ele.;1
Fiquei muito satisfeito ao ver que eu poderia substituir meu coldre giratório bem dobrado pelo meu flip Blackberry.;1
Minha irmã também tem uma e ela adora.;1
Boa qualidade.;1
Esta é de longe a pior compra que já fiz na Amazon.;0
Excelente fone de ouvido de dupla finalidade.;1
Excelente!.;1
Não funciona para ouvir música com o cingular 8125.;0
Parece completamente seguro, segurando o meu cinto e mantendo o iPhone dentro.;1
A linha de fundo ... outro truque barato e sem valor da Sprint.;0
Tendo problemas com o volume.;0
A única coisa boa é que se encaixa confortavelmente em orelhas pequenas.;1
AVISO - NÃO COMPRE !!.;0
Estou emparelhando isso com o meu iphone e não poderia estar mais feliz com ele até agora.;1
Quando é aberta, a conexão da bateria é interrompida e o dispositivo é desligado.;0
Não queria que o clipe passasse por cima da minha orelha, causando desconforto.;0
Melhor fone de ouvido de todos os tempos !!!.;1
Não confie no site deles e não espere nenhum suporte útil.;0
Era alto o suficiente para dizer que o Plantronics 510 mantém uma conexão perfeita com o meu celular e sem estática durante o uso normal.;1
O alto-falante é de baixa qualidade, fazendo com que os toques soem muito baratos.;0
Cabe confortavelmente, veio com três tamanhos de dicas de fones de ouvido.;1
Excelente produto pelo preço.;1
Má recepção.;0
Este produto é de alta qualidade EXCREMENTO chinês !!!!!!;0
Era bastante confortável no ouvido.;1
Ótimo telefone.;1
Não compre este produto - ele falha !.;0
Tudo neste produto está errado.;0
O emparelhamento dos dois dispositivos foi tão fácil que demorou alguns minutos para eu começar a fazer chamadas com o recurso de discagem por voz.;1
Isso foi totalmente confuso no começo, o que me levou a perder alguns contatos muito, muito importantes.;0
Terrible phone holder.;0
Os recortes e botões são colocados perfeitamente.;1
Adoro poder usar um fone de ouvido tanto por telefone fixo quanto por celular.;1
O problema é que as alças são feitas de material fraco e quebram facilmente.;0
Não é tão bonito quanto a imagem da AMAZON faz parecer.;0
Mas, apesar dessas poucas falhas, este gabinete é de qualidade excepcional e vale os custos adicionais de possuir um produto oficial do OEM.;1
Quão estúpido é isso?;0
Eu posso ouvir enquanto estou dirigindo o carro, e geralmente nem preciso colocá-lo no ambiente mais alto.;1
Vendedor enviado rapidamente e muito mais barato que os concorrentes.;1
Bom show, Samsung.;1
Então, eu comprei cerca de 10 delas e economizei muito dinheiro.;1
Ele sempre corta e emite um sinal sonoro e, em seguida, indica que o sinal falhou.;0
Não foi possível descobrir;0
Meu telefone parecia bom (nada bom - OK), mas o telefone da minha esposa era quase totalmente ininteligível, ela não conseguia entender uma palavra dita nele.;0
Então eu tive que tirar a bateria do telefone, juntar tudo novamente e depois reiniciá-la.;0
Enquanto eu conseguia dobrar a mola de folhas de volta no lugar, o metal agora tem tensão suficiente para quebrar na próxima gota.;0
A cópia do leopardo é maravilhosamente selvagem !.;1
Funciona para mim.;1
Flacidez, pedaço de lixo flexível.;0
muito melhor do que os casos de plástico rígido.;1
Também teve um novo problema.;0
Feliz até agora!;1
telefone legal.;1
Funciona bem.;1
A Motorola finalmente conseguiu a qualidade de voz de um fone de ouvido bluetooth.;1
Ele perde a conexão com o telefone, mesmo quando está a alguns centímetros entre os dois.;0
mas é ótimo, eu realmente recomendo;1
Torna mais fácil acompanhar o meu bluetooth quando não o estou usando.;0
Como eu disse acima .... MUITO INÚTIL!;0
Nunca entendi !!!!!;0
Este par de fones de ouvido é o pior que já tive em termos de som.;0
[...] pelo ralo por causa de um estalo fraco!;0
Não carrega o telefone Cingular (ATT) 8525.;0
"Você recebe minutos extras para poder atender a chamada e não ser cortado. """;1
No entanto, após cerca de um ano, o fliptop começou a ficar solto e trêmulo e, eventualmente, minha tela ficou preta e eu não consegui receber e fazer chamadas.;0
Continuei pegando o cabo no banco e tive que puxar o telefone para desligá-lo.;0
O fone de ouvido atende aos meus requisitos, por isso estou feliz com minha compra.;1
O fone de ouvido Bluetooth da Logitech é um 10 !.;1
Eu gosto do fato de que ele repousa levemente contra seu ouvido, e não por dentro.;1
Muitos sites classificaram esse telefone muito bom, e eu também.;1
Eu tentei esses cabos com meu computador e meu iPod e funciona muito bem.;1
O microfone é uma piada e o volume é bastante baixo.;0
Vou devolvê-los.;0
Não mantenho uma conexão com o computador enquanto ele está no meu colo.;0
É fácil ligar e desligar quando você está no carro e os controles de volume são bastante acessíveis.;1
Eu tenho o meu há cerca de um ano e, neste Natal, comprei alguns para o resto da família.;1
Caso contrário, fácil de instalar e usar, som nítido.;1
couro legal.;1
Eu tive que comprar um caso diferente.;0
É uma alegria usar.;1
Muito decepcionado com esta empresa.;0
Muito satisfeito com isso.;1
Não foi cobrado por mim.;0
Este é o telefone para comprar em 2005 .... Acabei de comprar meu S710a e tudo o que posso dizer é WOW!;1
Os botões são muito pequenos.;0
Apenas ler apenas as especificações faz você dizer WOW.;1
Adoro .. Ótima braçadeira.;1
Eu realmente gosto deste produto em relação à Motorola, porque é muito mais claro na parte da orelha e no microfone.;1
No entanto, os teclados são tão pequenos que às vezes alcanço os botões errados.;0
Troquei o sony ericson z500a por isso e estou muito feliz com essa decisão.;1
Fiquei muito impressionado com o preço dos casos.;1
Também facilita a manutenção.;1
Eu uso este produto em um centro de controle de motores, onde há muito zumbido de alta tensão no equipamento, e funciona muito bem!;1
É bem fácil.;1
Não consigo fazer ligações em determinados lugares.;0
no entanto, minha garota se queixou de que algum tempo o telefone não acorda como o telefone normal.;0
Estilo bonito embora.;1
Esta empresa cobra uma taxa de reabastecimento e ainda não me devolveu o reembolso.;0
Estou tentando devolvê-lo para um reembolso.;0
Liguei-o apenas para descobrir que nada de danado funcionava.;0
Produto excelente.;1
A peça do fone de ouvido se quebra facilmente.;0
Produto ruim.;0
Este telefone se esforça muito para fazer tudo, mas falha porque é muito capaz de ser um telefone.;0
É o melhor carregador que eu já vi no mercado.;1
MELHOR TELEFONE !!!;1
:-) Oh, o carregador parece funcionar bem.;1
Ele se encaixa com tanta segurança que o gancho do ouvido nem precisa ser usado e o som é direcionado melhor através do canal auditivo.;1
Volume insuficiente.;0
Problema de eco .... Muito insatisfatório;0
você só pode gravar 2 vídeos por vez e a qualidade é muito baixa.;0
não desperdice seu dinheiro.;0
Vou ter que ser o primeiro a analisar negativamente este produto.;0
O adaptador não fornece corrente de carga suficiente.;0
Havia tanta propaganda nesse telefone que eu assumi que era o melhor, meu erro.;0
Você também não pode tirar fotos com o estojo porque a lente está coberta.;0
O telefone cai facilmente.;0
Não deu certo, as pessoas não podem me ouvir quando eu falo.;0
O recurso de mensagens de texto é realmente complicado de usar.;0
Estou realmente decepcionado, tudo o que tenho agora é um carregador que não funciona.;0
Doloroso na orelha.;0
Durou um dia e depois explodiu.;0
desapontado.;0
Tipo de fracassos.;0
A tela fica manchada facilmente porque toca sua orelha e seu rosto.;0
Que lixo ... Perco mais ligações neste telefone.;0
O item não corresponde à imagem.;0
A única coisa que me decepciona é o porto de infravermelho (irda).;0
Você não pode atender chamadas com a unidade, nunca funcionou uma vez!;0
